concept_id,category,data_value,gest_value
3004501,DIAB,N/A,
443800,AMEN,N/A,
2212173,UP,N/A,
2212631,HCG,N/A,
4076939,AGP,N/A,
4014295,LB,N/A,
437041,PCOMP,N/A,
2212094,OTEST,N/A,
2211749,ULS,N/A,
433260,DELIV,N/A,
4299535,PCONF,N/A,
2211757,ULS,N/A,
2101813,LDEL,N/A,
441641,DELIV,N/A,
2212198,AFP,N/A,
4062636,?,N/A,
2110307,POST,N/A,
2212632,HCG,N/A,
2211747,ULS,N/A,
2211751,ULS,N/A,
4133029,PCONF,N/A,
435875,PCOMP,N/A,
4143115,ULS,N/A,
2211756,ULS,N/A,
2211755,ULS,N/A,
4087235,OTEST,N/A,
4047392,POST,N/A,
2004765,DELIV,N/A,
2004786,DELIV,N/A,
2110284,OTEST,N/A,
4094910,PCONF,N/A,
435656,POST,N/A,
2004844,POST,N/A,
433822,PCOMP,N/A,
2110315,POST,N/A,
440457,TA,N/A,
4094911,?,N/A,
2101807,LDEL,N/A,
2212548,OTEST,N/A,
2211753,NULS,N/A,
42739011,POST,N/A,
433315,POST,N/A,
2514555,POST,N/A,
441092,PCONF,N/A,
3011996,HCG,N/A,
198499,DELIV,N/A,
314099,PCOMP,N/A,
72693,PCOMP,N/A,
139888,LDEL,N/A,
81636,PCOMP,N/A,
2004762,LDEL,N/A,
2211759,OTEST,N/A,
4302252,PCOMP,N/A,
2004746,LDEL,N/A,
2110316,DELIV,N/A,
433270,DELIV,N/A,
4063297,PCOMP,N/A,
192978,DELIV,N/A,
40767416,SA,Miscarriage,
4150653,ULS,N/A,
3009306,AFP,N/A,
42739013,POST,N/A,
439403,PCOMP,N/A,
443295,PCOMP,N/A,
2514557,POST,N/A,
2004811,OTEST,N/A,
3011149,HCG,N/A,
439894,POSTT,N/A,
138813,LDEL,N/A,
437935,PCOMP,N/A,
3025455,OTEST,N/A,
3005625,OTEST,N/A,
4019096,ECT_SURG1,N/A,
77335,PCOMP,N/A,
194101,PCOMP,N/A,
2211758,OTEST,N/A,
2211760,OTEST,N/A,
2004766,LDEL,N/A,
2101814,DELIV,N/A,
2212633,HCG,N/A,
440465,POST,N/A,
74415,PCOMP,N/A,
437942,DELIV,N/A,
4067106,SA,N/A,
3009261,DIAB,N/A,
440525,PREM,N/A,
3018171,HCG,N/A,
440216,PCOMP,N/A,
4082672,ULS,N/A,
4014299,PREM,N/A,
2110197,OVUL,N/A,
4253751,POST,N/A,
4032621,SA,N/A,
3008714,HCG,N/A,
192376,PCOMP,N/A,
76482,SA,N/A,
434089,PCOMP,N/A,
200784,PCOMP,N/A,
442442,PCOMP,N/A,
4112701,AGP,N/A,
4038748,AGP,N/A,
2722250,OTEST,N/A,
432695,POSTT,N/A,
439402,DELIV,N/A,
3025673,DIAB,N/A,
2721181,POST,N/A,
76756,PCOMP,N/A,
80463,PCOMP,N/A,
4189561,SA,N/A,
4173786,AGP,N/A,
4197403,PCOMP,N/A,
3045823,PCONF,N/A,
136760,PCOMP,N/A,
4259636,POST,N/A,
192372,PCOMP,N/A,
314090,PCOMP,N/A,
3007332,DIAB,N/A,
4218813,PCONF,N/A,
4239302,OVUL,N/A,
313590,PCOMP,N/A,
4083415,AGP,N/A,
4074297,SA,N/A,
197938,LDEL,N/A,
2110309,POST,N/A,
3014716,DIAB,N/A,
4086393,PREM,N/A,
2514559,POST,N/A,
3027457,DIAB,N/A,
42739562,POST,N/A,
137940,DELIV,N/A,
2110279,AMNIO,N/A,
4060157,DELIV,N/A,
439135,POST,N/A,
2211763,OTEST,N/A,
435023,PCOMP,N/A,
73537,DELIV,N/A,
440161,LDEL,N/A,
3006717,DIAB,N/A,
200160,DELIV,N/A,
258866,POST,N/A,
432968,DELIV,N/A,
4061426,AGP,N/A,
198212,PCONF,N/A,
192384,DELIV,N/A,
80205,PCOMP,N/A,
440532,POST,N/A,
2211785,AMNIO,N/A,
432386,PCOMP,N/A,
40756968,ULS,N/A,
4162865,PCOMP,N/A,
2110275,OVUL2,N/A,
2004745,LDEL,N/A,
42872398,PCOMP,N/A,
4132649,POST,N/A,
2004730,LDEL,N/A,
2212334,OTEST,N/A,
444267,GEST,N/A,35
432967,PCOMP,N/A,
4064172,PCOMP,N/A,
3038136,HCG,N/A,
314423,PCOMP,N/A,
196762,DELIV,N/A,
2213255,AMNIO,N/A,
2110274,OVUL,N/A,
437688,PCOMP,N/A,
192691,PCOMP,N/A,
4015274,PREM,N/A,
193277,DELIV,N/A,
434097,PCOMP,N/A,
201136,POST,N/A,
2110314,POST,N/A,
195877,PCONF,N/A,
73268,PCOMP,N/A,
138479,PCOMP,N/A,
314479,POST,N/A,
3038294,AFP,N/A,
2110308,DELIV,N/A,
321080,PCOMP,N/A,
434697,PCOMP,N/A,
72970,DELIV,N/A,
437936,DELIV,N/A,
435604,PCOMP,N/A,
321683,POST,N/A,
435022,DELIV,N/A,
136755,DELIV,N/A,
192385,PCOMP,N/A,
433274,DELIV,N/A,
440794,DELIV,N/A,
2213267,AMNIO,N/A,
2212199,AFP,N/A,
442923,DELIV,N/A,
4061811,?,N/A,
2110317,POST,N/A,
437334,PCOMP,N/A,
77338,PCOMP,N/A,
4192676,DELIV,N/A,
2110329,AB,N/A,
4014296,LB,N/A,
2004843,POST,N/A,
137371,POST,N/A,
193275,DELIV,N/A,
4146772,SA,N/A,
196488,POST,N/A,
2213352,OVUL2,N/A,
2514575,POST,N/A,
77615,DELIV,N/A,
433540,PCOMP,N/A,
4113983,SA,N/A,
2213347,OVUL,N/A,
2213351,OVUL,N/A,
442920,DELIV,N/A,
201083,PCOMP,N/A,
195878,DELIV,N/A,
443521,DELIV,N/A,
200468,PCOMP,N/A,
4062565,PCOMP,N/A,
435018,DELIV,N/A,
441678,GEST,N/A,33
4107080,ECT_SURG1,N/A,
440847,PREM,N/A,
4102166,?,N/A,
432975,DELIV,N/A,
2004809,POST,N/A,
4150404,PREM,N/A,
2004729,LDEL,N/A,
3027198,DIAB,N/A,
4015275,PREM,N/A,
441073,SA,N/A,
3021737,DIAB,N/A,
442827,PCOMP,N/A,
438220,DELIV,N/A,
4027371,PCOMP,N/A,
438491,LDEL,N/A,
314103,DELIV,N/A,
192972,LDEL,N/A,
2004822,OTEST,N/A,
3013604,DIAB,N/A,
201958,PCOMP,N/A,
442565,PCOMP,N/A,
42739014,POST,N/A,
442918,PCOMP,N/A,
40483581,ECT,N/A,
2211750,ULS,N/A,
2514569,POST,N/A,
438490,DELIV,N/A,
440785,PCOMP,N/A,
2211752,ULS,N/A,
440788,PCOMP,N/A,
3018954,HCG,N/A,
4300078,PCOMP,N/A,
4038573,AGP,N/A,
2110275,?,N/A,
23034,POST,N/A,
2110330,AB,N/A,
2514558,POST,N/A,
442917,POST,N/A,
440167,LDEL,N/A,
2211748,ULS,N/A,
200149,PCOMP,N/A,
433880,AMNIO,N/A,
42739633,POST,N/A,
42739550,POST,N/A,
80474,DELIV,N/A,
2514564,POST,N/A,
316478,PCOMP,N/A,
2514576,POST,N/A,
443325,PCOMP,N/A,
3010164,HCG,N/A,
440840,POST,N/A,
437090,PCOMP,N/A,
2514563,POST,N/A,
3003694,OTEST,N/A,
434105,LDEL,N/A,
75882,DELIV,N/A,
4244408,SA,N/A,
437369,POSTT,N/A,
439092,DELIV,N/A,
438478,PCOMP,N/A,
4140734,AMNIO,N/A,
441919,PCONF,N/A,
192679,PCOMP,N/A,
4262136,SA,N/A,
74469,POST,N/A,
437046,SA,N/A,
80471,POST,N/A,
2211761,OTEST,N/A,
2213350,OVUL2,N/A,
441364,POST,N/A,
2213352,?,N/A,
196181,DELIV,N/A,
2213362,OVUL,N/A,
437947,POST,N/A,
2213351,?,N/A,
439129,POST,N/A,
443012,DELIV,N/A,
194711,DELIV,N/A,
193269,DELIV,N/A,
2213361,OVUL2,N/A,
4301905,ECT_SURG1,N/A,
441959,PCOMP,N/A,
444082,LDEL,N/A,
78818,PCOMP,N/A,
4048293,POST,N/A,
2101812,AB,N/A,
199891,PCOMP,N/A,
3026071,DIAB,N/A,
439128,PREM,N/A,
433864,GEST,N/A,31
437342,LDEL,N/A,
197043,LDEL,N/A,
2110236,POST,N/A,
4065618,DELIV,N/A,
79897,DELIV,N/A,
4150405,PREM,N/A,
193539,DELIV,N/A,
436740,PCOMP,N/A,
432441,POST,N/A,
2110282,OTEST,N/A,
439137,POST,N/A,
438815,PCOMP,N/A,
3039896,DIAB,N/A,
2004490,?,N/A,
437985,POST,N/A,
2101806,LDEL,N/A,
4064178,PCOMP,N/A,
438209,PCOMP,N/A,
2213360,OVUL,N/A,
80204,PCOMP,N/A,
194700,PCOMP,N/A,
2211784,OTEST,N/A,
434427,DELIV,N/A,
313023,POST,N/A,
4239301,PCONF,N/A,
197050,PCOMP,N/A,
3051741,OTEST,N/A,
199087,DELIV,N/A,
4066255,POST,N/A,
3014064,OTEST,N/A,
73546,POST,N/A,
313543,PCOMP,N/A,
2110319,POST,N/A,
4277110,PCOMP,N/A,
74698,LDEL,N/A,
442082,DELIV,N/A,
195075,LDEL,N/A,
3037524,DIAB,N/A,
4063171,DELIV,N/A,
193525,PCOMP,N/A,
132685,PCOMP,N/A,
432452,PREM,N/A,
434431,DELIV,N/A,
80782,DELIV,N/A,
135370,PCOMP,N/A,
2211764,OTEST,N/A,
2110304,PCOMP,N/A,
81358,PCOMP,N/A,
440203,POST,N/A,
4138740,SA,N/A,
436219,PCOMP,N/A,
3009417,HCG,N/A,
2211754,NULS,N/A,
4147874,PREM,N/A,
81357,DELIV,N/A,
201642,LDEL,N/A,
73267,LDEL,N/A,
4060266,OTEST,N/A,
441682,PCOMP,N/A,
2004826,POST,N/A,
197031,PCONF,N/A,
318247,POST,N/A,
80156,PCOMP,N/A,
436234,POST,N/A,
4063296,DELIV,N/A,
2211762,OTEST,N/A,
2110342,DELIV,N/A,
439156,POST,N/A,
441369,DELIV,N/A,
444417,GEST,N/A,29
439393,PCOMP,N/A,
80165,PCOMP,N/A,
2006934,ULS,N/A,
443522,POST,N/A,
434744,POST,N/A,
435927,LDEL,N/A,
4014454,SB,N/A,
434436,LDEL,N/A,
437098,POST,N/A,
4336229,ECT_SURG1,N/A,
74716,POST,N/A,
4060424,PCOMP,N/A,
442922,DELIV,N/A,
194429,DELIV,N/A,
441680,PCOMP,N/A,
2110301,POST,N/A,
135601,POST,N/A,
314478,POST,N/A,
2004747,LDEL,N/A,
4060687,SB,N/A,
4146773,SA,N/A,
433266,PCOMP,N/A,
4060259,AMNIO,N/A,
3003169,DIAB,N/A,
258564,PCOMP,N/A,
2213363,OVUL,N/A,
80778,DELIV,N/A,
437975,POST,N/A,
141370,POST,N/A,
43530886,PCOMP,N/A,
72374,PCOMP,N/A,
2004824,PCOMP,N/A,
201350,PCOMP,N/A,
4072862,OVUL,N/A,
3025994,OTEST,N/A,
139895,PCOMP,N/A,
4273560,LDEL,N/A,
434689,SA,N/A,
436166,PCOMP,N/A,
201359,DELIV,N/A,
4038495,DELIV,N/A,
134760,POST,N/A,
42739015,POST,N/A,
442772,PCOMP,N/A,
2212144,OTEST,N/A,
193825,PCOMP,N/A,
435076,POST,N/A,
40757216,ECT_SURG2,N/A,
439893,PCOMP,N/A,
200524,POST,N/A,
2004845,POST,N/A,
2514560,POST,N/A,
2110310,?,N/A,
432976,LDEL,N/A,
4014461,PREM,N/A,
441922,PCOMP,N/A,
2004703,LDEL,N/A,
432430,GEST,N/A,27
2004704,LDEL,N/A,
260212,POST,N/A,
200789,POST,N/A,
434483,POST,N/A,
42739012,POST,N/A,
435325,LDEL,N/A,
76521,POST,N/A,
4065753,POST,N/A,
4014716,PCOMP,N/A,
78563,POST,N/A,
434701,PCOMP,N/A,
197339,PCOMP,N/A,
437374,POST,N/A,
442078,DELIV,N/A,
2110286,LDEL,N/A,
40757177,ECT_SURG2,N/A,
77340,PCOMP,N/A,
4171115,PREM,N/A,
193264,DELIV,N/A,
321638,PCOMP,N/A,
439083,TRO,N/A,
4064277,PCOMP,N/A,
439139,POST,N/A,
433027,PCOMP,N/A,
441647,PCOMP,N/A,
432382,LDEL,N/A,
2110283,OTEST,N/A,
440218,POST,N/A,
435020,DELIV,N/A,
2004842,POST,N/A,
136743,PCOMP,N/A,
72973,PCOMP,N/A,
436519,POST,N/A,
4021363,ECT_SURG1,N/A,
434758,POST,N/A,
436534,POST,N/A,
194702,LDEL,N/A,
432396,POST,N/A,
434474,POST,N/A,
2212145,OTEST,N/A,
433319,POST,N/A,
4113986,SA,N/A,
439093,DELIV,N/A,
194710,PCOMP,N/A,
4074867,SA,N/A,
441630,DELIV,N/A,
4162866,POST,N/A,
435640,GEST,N/A,25
434110,DELIV,N/A,
3002091,HCG,N/A,
436518,POST,N/A,
373870,POST,N/A,
200469,POST,N/A,
196758,PCOMP,N/A,
4170151,SA,N/A,
4092289,LB,N/A,
436180,PCOMP,N/A,
2110287,LDEL,N/A,
4194423,SA,N/A,
439136,POST,N/A,
442613,LDEL,N/A,
4114280,SA,N/A,
439390,LDEL,N/A,
4038747,AGP,N/A,
436804,POST,N/A,
4336229,ECT_SURG1,N/A,
4074424,ECT_SURG1,N/A,
3035352,DIAB,N/A,
3035858,DIAB,N/A,
437088,POST,N/A,
2721012,AB,N/A,
197346,LDEL,N/A,
434111,PCOMP,N/A,
3035125,DIAB,N/A,
435369,POST,N/A,
2004805,AMNIO,N/A,
4060244,AGP,N/A,
434713,DELIV,N/A,
443618,POST,N/A,
441085,PCONF,N/A,
4074877,ECT_SURG1,N/A,
2004785,LDEL,N/A,
312733,LDEL,N/A,
4071638,SA,N/A,
4047937,POST,N/A,
76750,PCOMP,N/A,
438868,POST,N/A,
258554,POST,N/A,
2212713,PCOMP,N/A,
438814,POST,N/A,
4261479,SA,N/A,
195019,PCOMP,N/A,
4072837,ECT_SURG1,N/A,
4207827,POST,N/A,
76770,POST,N/A,
380533,POST,N/A,
197970,POST,N/A,
79890,PCOMP,N/A,
442913,PCOMP,N/A,
196759,LDEL,N/A,
440158,PCOMP,N/A,
438542,GEST,N/A,23
2004546,POST,N/A,
2514556,POST,N/A,
196751,PCOMP,N/A,
433603,PCOMP,N/A,
441645,DELIV,N/A,
314426,PCOMP,N/A,
433873,POST,N/A,
440475,DELIV,N/A,
3033461,DIAB,N/A,
194158,POST,N/A,
3011536,PCONF,N/A,
3010296,AFP,N/A,
435887,PCOMP,N/A,
78817,PCOMP,N/A,
439931,POST,N/A,
2110322,POST,N/A,
4063183,PCOMP,N/A,
2110339,POST,N/A,
433029,POST,N/A,
319138,POST,N/A,
2212436,OTEST,N/A,
192974,LDEL,N/A,
2004764,PCOMP,N/A,
433536,PCOMP,N/A,
4063175,PCOMP,N/A,
193827,LDEL,N/A,
4074876,ECT_SURG1,N/A,
432969,PCONF,N/A,
3019145,HCG,N/A,
194109,POST,N/A,
4060183,POST,N/A,
201957,POST,N/A,
4081292,AGP,N/A,
443292,PCOMP,N/A,
440829,POST,N/A,
437931,PCOMP,N/A,
81685,POST,N/A,
434154,POST,N/A,
4153287,SA,N/A,
196182,DELIV,N/A,
443523,POST,N/A,
79889,DELIV,N/A,
375016,PCOMP,N/A,
3011465,HCG,N/A,
3030662,AMNIO,N/A,
133284,PCOMP,N/A,
3008804,DIAB,N/A,
381952,POST,N/A,
4146816,PCOMP,N/A,
435880,PCOMP,N/A,
3003541,DIAB,N/A,
443293,POST,N/A,
436485,PCOMP,N/A,
438204,PCOMP,N/A,
4062811,POST,N/A,
435641,POST,N/A,
201920,PCOMP,N/A,
138484,POST,N/A,
314432,PCOMP,N/A,
2212438,OTEST,N/A,
433309,POST,N/A,
77052,DELIV,N/A,
432389,POST,N/A,
442080,DELIV,N/A,
441363,DELIV,N/A,
4064175,PCOMP,N/A,
72696,PCOMP,N/A,
2212714,OTEST,N/A,
78210,PCOMP,N/A,
4057976,POST,N/A,
78224,POST,N/A,
193174,POST,N/A,
442088,PCOMP,N/A,
312383,POST,N/A,
443435,LDEL,N/A,
3025232,DIAB,N/A,
3022269,AFP,N/A,
377980,POST,N/A,
378544,POST,N/A,
4200678,ECT_SURG1,N/A,
201681,POST,N/A,
441361,DELIV,N/A,
74434,POST,N/A,
442441,PCOMP,N/A,
437623,PCOMP,N/A,
2004525,AB,N/A,
3040768,AFP,N/A,
2110311,LDEL,N/A,
439922,GEST,N/A,24
3003191,HCG,N/A,
2110303,POST,N/A,
197337,POST,N/A,
374748,POST,N/A,
443897,POST,N/A,
2004829,POST,N/A,
4163851,LB,N/A,
2110334,AB,N/A,
4093429,ECT_SURG1,N/A,
321074,PCOMP,N/A,
4263669,ECT_SURG1,N/A,
432375,PCONF,N/A,
442919,DELIV,N/A,
435063,POST,N/A,
3026300,DIAB,N/A,
435918,POST,N/A,
438871,POST,N/A,
76491,PCOMP,N/A,
3010300,DIAB,N/A,
4032749,ECT_SURG2,N/A,
440211,POST,N/A,
4170121,SA,N/A,
439140,POST,N/A,
439149,POST,N/A,
4064169,PCOMP,N/A,
432734,POST,N/A,
201410,POST,N/A,
4062686,POST,N/A,
196170,DELIV,N/A,
434712,PCOMP,N/A,
443246,DELIV,N/A,
432373,PCOMP,N/A,
442059,DELIV,N/A,
438541,POST,N/A,
438869,POST,N/A,
72697,DELIV,N/A,
442631,POST,N/A,
198488,PCOMP,N/A,
433263,POST,N/A,
196177,POST,N/A,
2213348,OVUL,N/A,
141639,POST,N/A,
436767,DELIV,N/A,
198492,POST,N/A,
435917,POST,N/A,
2110321,POST,N/A,
2004542,OVUL,N/A,
436489,POST,N/A,
4015701,DELIV,N/A,
193591,POST,N/A,
442290,PCOMP,N/A,
196486,PCOMP,N/A,
4061463,POST,N/A,
443330,POST,N/A,
4113352,SA,N/A,
3022548,DIAB,N/A,
436228,AB,N/A,
444365,SA,N/A,
441924,DELIV,N/A,
2004769,LDEL,N/A,
197625,LDEL,N/A,
442915,DELIV,N/A,
438259,POST,N/A,
196175,PCOMP,N/A,
969444,CONTRA,N/A,
970277,CONTRA,N/A,
1500211,CONTRA,N/A,
1503184,CONTRA,N/A,
1519936,CONTRA,N/A,
1521369,CONTRA,N/A,
1521592,CONTRA,N/A,
1589505,CONTRA,N/A,
1595461,CONTRA,N/A,
40225722,CONTRA,N/A,
1305058,MTX,N/A,
1305058,MTX,N/A,
43125784,MTX,N/A,
1305058,MTX,N/A,
1305058,MTX,N/A,
1515417,OVULDR,N/A,
1542948,OVULDR,N/A,
1543112,OVULDR,N/A,
1552310,OVULDR,N/A,
1563600,OVULDR,N/A,
1597235,OVULDR,N/A,
1598819,OVULDR,N/A,
43077184,CONTRA,N/A,
1515774,CONTRA,N/A,
1549786,CONTRA,N/A,
1588000,CONTRA,N/A,
19092358,CONTRA,N/A,
1300978,CONTRA,N/A,
19128258,CONTRA,N/A,
3021860,DIAB,N/A,
4014148,AGP,N/A,
133816,DELIV,N/A,
43530888,PCOMP,N/A,
133594,POST,N/A,
442777,LDEL,N/A,
192684,PCOMP,N/A,
137613,PCOMP,N/A,
81088,POST,N/A,
4113503,SA,N/A,
4155282,DELIV,N/A,
40347147,ECT_SURG2,N/A,
2110323,DELIV,N/A,
197343,POST,N/A,
2110335,AB,N/A,
440462,DELIV,N/A,
439077,DELIV,N/A,
137974,POST,N/A,
438203,PCOMP,N/A,
4061971,PCOMP,N/A,
3000845,DIAB,N/A,
194598,PCOMP,N/A,
73019,POST,N/A,
441964,POST,N/A,
434155,POST,N/A,
2110196,OVUL,N/A,
4190526,ECT_SURG1,N/A,
193544,DELIV,N/A,
434435,LDEL,N/A,
433311,POST,N/A,
442216,POST,N/A,
2213364,OVUL,N/A,
3024370,AFP,N/A,
441412,POST,N/A,
440473,POST,N/A,
77624,DELIV,N/A,
193271,DELIV,N/A,
434482,POST,N/A,
435062,POST,N/A,
79098,POST,N/A,
40756825,OTEST,N/A,
195064,POST,N/A,
3009582,DIAB,N/A,
435331,PCOMP,N/A,
197608,PCOMP,N/A,
43022052,PCOMP,N/A,
4065749,DELIV,N/A,
201368,DELIV,N/A,
441082,DELIV,N/A,
443263,POST,N/A,
4113994,SA,N/A,
2110337,PCOMP,N/A,
3015988,DIAB,N/A,
439924,POST,N/A,
2004711,LDEL,N/A,
443328,POST,N/A,
141084,PCOMP,N/A,
2110338,TRO,N/A,
4299609,SA,N/A,
317941,PCOMP,N/A,
194113,POST,N/A,
2004742,DELIV,N/A,
437976,POST,N/A,
79146,PCOMP,N/A,
315013,DELIV,N/A,
4014455,LB,N/A,
437668,POST,N/A,
196757,PCOMP,N/A,
2108149,POST,N/A,
433837,POST,N/A,
76533,POST,N/A,
4149455,GEST,N/A,35
4062264,POST,N/A,
193831,LDEL,N/A,
440519,PREM,N/A,
3019210,DIAB,N/A,
436532,POST,N/A,
198870,POST,N/A,
435610,DELIV,N/A,
441087,DELIV,N/A,
441122,POST,N/A,
257375,POST,N/A,
2110320,DELIV,N/A,
4114265,SA,N/A,
432443,POST,N/A,
2110318,DELIV,N/A,
443700,PCOMP,N/A,
76761,DELIV,N/A,
435323,DELIV,N/A,
4150538,SA,N/A,
2004750,LDEL,N/A,
199925,POST,N/A,
74717,POST,N/A,
436517,POST,N/A,
79091,PCOMP,N/A,
441081,PCOMP,N/A,
437620,LDEL,N/A,
320456,DELIV,N/A,
433823,PCOMP,N/A,
313829,DELIV,N/A,
443323,PCOMP,N/A,
435026,POST,N/A,
75326,DELIV,N/A,
440787,PCOMP,N/A,
192699,DELIV,N/A,
2213365,OVUL,N/A,
2004726,LDEL,N/A,
260841,POST,N/A,
199097,POST,N/A,
257370,POST,N/A,
2004707,POST,N/A,
3002574,LDEL,N/A,
73282,PCOMP,N/A,
201129,POST,N/A,
2004489,AB,N/A,
434714,LDEL,N/A,
195014,POST,N/A,
2110280,AMNIO,N/A,
435024,LDEL,N/A,
3011355,DIAB,N/A,
441929,PCOMP,N/A,
435868,SA,N/A,
3021033,DIAB,N/A,
3023524,OTEST,N/A,
433310,POST,N/A,
441362,LDEL,N/A,
2110281,LDEL,N/A,
437341,PCOMP,N/A,
438820,POST,N/A,
2004789,DELIV,N/A,
4151903,POST,N/A,
72692,DELIV,N/A,
435925,PREM,N/A,
197049,DELIV,N/A,
4149994,SA,N/A,
434759,POST,N/A,
435028,POST,N/A,
377680,POST,N/A,
4113036,SA,N/A,
76763,POST,N/A,
194100,LDEL,N/A,
3028247,DIAB,N/A,
438823,POST,N/A,
435359,POST,N/A,
433545,PCOMP,N/A,
439094,DELIV,N/A,
443321,DELIV,N/A,
198486,DELIV,N/A,
197051,LDEL,N/A,
4074443,ECT_SURG1,N/A,
3003994,DIAB,N/A,
440460,SA,N/A,
4062685,DELIV,N/A,
4116344,POST,N/A,
432427,POST,N/A,
435021,PCOMP,N/A,
437937,PCONF,N/A,
3006887,DIAB,N/A,
439923,POST,N/A,
73824,DELIV,N/A,
81360,PCOMP,N/A,
4169915,POST,N/A,
440795,LDEL,N/A,
435609,DELIV,N/A,
4064171,DELIV,N/A,
81086,DELIV,N/A,
437060,POST,N/A,
4063309,SA,N/A,
441649,DELIV,N/A,
77679,POST,N/A,
432977,PCOMP,N/A,
3008358,DIAB,N/A,
2004846,POST,N/A,
3044819,OTEST,N/A,
3004303,HCG,N/A,
433018,POST,N/A,
40760436,AMNIO,N/A,
2004828,POST,N/A,
441684,POST,N/A,
73265,PCOMP,N/A,
2004802,DELIV,N/A,
194439,POST,N/A,
442058,POST,N/A,
2110332,AB,N/A,
438205,PCOMP,N/A,
4001541,ECT_SURG1,N/A,
194699,PCOMP,N/A,
4015162,SB,N/A,
4084693,AGP,N/A,
40480864,ECT_SURG1,N/A,
196484,PCONF,N/A,
198496,POST,N/A,
200157,DELIV,N/A,
3051868,AFP,N/A,
443249,POST,N/A,
3034139,AMNIO,N/A,
434708,POST,N/A,
75639,PCOMP,N/A,
72377,POST,N/A,
3021635,DIAB,N/A,
77621,DELIV,N/A,
2721184,OTEST,N/A,
2004706,LDEL,N/A,
193323,POST,N/A,
436483,POST,N/A,
196475,POST,N/A,
40758989,HCG,N/A,
197048,DELIV,N/A,
196490,POST,N/A,
74440,DELIV,N/A,
2004862,POST,N/A,
4061341,POST,N/A,
321367,DELIV,N/A,
2106488,POST,N/A,
3021584,OTEST,N/A,
435358,POST,N/A,
198221,POST,N/A,
2101808,POST,N/A,
440833,POSTT,N/A,
193830,POST,N/A,
442338,SB,N/A,
442148,POST,N/A,
443243,POST,N/A,
313272,PCOMP,N/A,
2004751,LDEL,N/A,
433542,LDEL,N/A,
443133,DELIV,N/A,
439934,POST,N/A,
3003262,OTEST,N/A,
3011424,DIAB,N/A,
3003412,DIAB,N/A,
4297611,POST,N/A,
76221,POST,N/A,
3002310,DIAB,N/A,
201516,PCOMP,N/A,
436173,DELIV,N/A,
3025113,DIAB,N/A,
3005370,DIAB,N/A,
4152444,ECT,N/A,
3013297,AMNIO,N/A,
76772,PCOMP,N/A,
3001975,DIAB,N/A,
192380,PCONF,N/A,
318856,POST,N/A,
133028,POST,N/A,
40378260,ECT_SURG2,N/A,
436529,POST,N/A,
193273,LDEL,N/A,
2110084,POST,N/A,
440162,PCOMP,N/A,
433604,POST,N/A,
433832,POST,N/A,
72378,PCOMP,N/A,
195317,SA,N/A,
437061,POST,N/A,
2110340,PCOMP,N/A,
4143293,POST,N/A,
2110285,OTEST,N/A,
444374,PCOMP,N/A,
2101809,LDEL,N/A,
4214186,TRO,N/A,
81923,PCOMP,N/A,
200472,POST,N/A,
317669,POST,N/A,
440466,PCONF,N/A,
78218,PCOMP,N/A,
435883,PCOMP,N/A,
201091,PCOMP,N/A,
442594,PCONF,N/A,
137099,POST,N/A,
434745,POST,N/A,
138207,DELIV,N/A,
74433,DELIV,N/A,
2110324,POST,N/A,
192979,POST,N/A,
201366,PCOMP,N/A,
440793,DELIV,N/A,
2212391,OTEST,N/A,
2211782,PCOMP,N/A,
4030415,PCONF,N/A,
3035904,AMNIO,N/A,
436171,POST,N/A,
4321386,PCOMP,N/A,
197930,POST,N/A,
436220,POST,N/A,
2212439,OTEST,N/A,
432371,POST,N/A,
442053,DELIV,N/A,
198216,DELIV,N/A,
2101804,OTEST,N/A,
193535,DELIV,N/A,
2004830,POST,N/A,
441128,POSTT,N/A,
439095,DELIV,N/A,
3017439,AMNIO,N/A,
3046979,AFP,N/A,
133024,POST,N/A,
440453,SA,N/A,
252442,POST,N/A,
2110288,PCOMP,N/A,
134414,POST,N/A,
4059478,AGP,N/A,
198816,DELIV,N/A,
434167,POST,N/A,
3008406,DIAB,N/A,
4167493,PCOMP,N/A,
438489,PCOMP,N/A,
433869,POST,N/A,
198495,POST,N/A,
313833,POST,N/A,
4143292,POST,N/A,
3009397,DIAB,N/A,
435606,DELIV,N/A,
3002666,DIAB,N/A,
2004724,LDEL,N/A,
440476,DELIV,N/A,
440166,POST,N/A,
3004943,POST,N/A,
77662,PCOMP,N/A,
433589,POST,N/A,
439880,PCOMP,N/A,
437618,SA,N/A,
2004749,LDEL,N/A,
443242,POST,N/A,
442083,POST,N/A,
437681,POST,N/A,
436768,PCOMP,N/A,
75608,PCOMP,N/A,
2110326,SA,N/A,
442079,POST,N/A,
192387,POST,N/A,
442300,POST,N/A,
3019876,DIAB,N/A,
315884,PCOMP,N/A,
442529,POST,N/A,
2100998,AMNIO,N/A,
4060672,PCOMP,N/A,
2212210,AMNIO,N/A,
2101811,SA,N/A,
443054,POST,N/A,
2110305,PCOMP,N/A,
438214,POST,N/A,
442440,LDEL,N/A,
3036988,HCG,N/A,
433548,POST,N/A,
3026145,DIAB,N/A,
4059763,PCOMP,N/A,
444244,POST,N/A,
442419,DELIV,N/A,
442271,POST,N/A,
438206,DELIV,N/A,
436176,SA,N/A,
4175637,PREM,N/A,
2110306,?,N/A,
435616,PCOMP,N/A,
442421,PCOMP,N/A,
439328,SA,N/A,
442294,POST,N/A,
79896,PCOMP,N/A,
437622,LDEL,N/A,
2110325,SA,N/A,
314107,POST,N/A,
42742390,POST,N/A,
443695,SB,N/A,
435031,DELIV,N/A,
2110331,AB,N/A,
436747,SA,N/A,
194707,DELIV,N/A,
4064177,DELIV,N/A,
436477,SA,N/A,
2514572,PREM,N/A,
75015,PCOMP,N/A,
433828,PCOMP,N/A,
3022285,DIAB,N/A,
4143204,PCOMP,N/A,
440454,SA,N/A,
4318553,POST,N/A,
192694,LDEL,N/A,
138811,POST,N/A,
3025866,DIAB,N/A,
195025,DELIV,N/A,
4328870,POST,N/A,
438481,DELIV,N/A,
435879,DELIV,N/A,
444245,PCOMP,N/A,
73538,DELIV,N/A,
2004526,SA,N/A,
3017118,DIAB,N/A,
2101016,DELIV,N/A,
199089,POST,N/A,
3033462,DIAB,N/A,
432429,POST,N/A,
2004823,PCOMP,N/A,
440481,POST,N/A,
2004426,?,N/A,
2721146,AB,N/A,
434413,SA,N/A,
196764,POST,N/A,
80478,POST,N/A,
4101844,DELIV,N/A,
441926,PCOMP,N/A,
433314,POST,N/A,
194106,LDEL,N/A,
434094,SA,N/A,
4064174,DELIV,N/A,
440777,POST,N/A,
442055,N/A,N/A,
3039211,N/A,N/A,
442921,N/A,N/A,
81400,N/A,N/A,
441921,N/A,N/A,
2110290,N/A,N/A,
4071609,N/A,N/A,
196754,N/A,N/A,
2101829,N/A,N/A,
2004851,N/A,N/A,
4164218,N/A,N/A,
201356,N/A,N/A,
442171,N/A,N/A,
77056,N/A,N/A,
435330,N/A,N/A,
444269,N/A,N/A,
2004783,N/A,N/A,
78494,N/A,N/A,
435886,N/A,N/A,
198260,N/A,N/A,
2004731,N/A,N/A,
434112,N/A,N/A,
374430,N/A,N/A,
435000,N/A,N/A,
435607,N/A,N/A,
316494,N/A,N/A,
2108121,N/A,N/A,
438562,N/A,N/A,
3003667,N/A,N/A,
435322,N/A,N/A,
3033544,N/A,N/A,
2004787,N/A,N/A,
436766,N/A,N/A,
441640,N/A,N/A,
315881,N/A,N/A,
3002934,N/A,N/A,
437045,N/A,N/A,
435869,N/A,N/A,
4235812,N/A,N/A,
443324,N/A,N/A,
2004810,N/A,N/A,
198215,N/A,N/A,
439400,N/A,N/A,
3004209,N/A,N/A,
2004804,N/A,N/A,
193532,N/A,N/A,
4028640,POST,N/A,
442085,N/A,N/A,
2004808,N/A,N/A,
437946,N/A,N/A,
2110276,OVUL,N/A,
434715,N/A,N/A,
2110297,N/A,N/A,
197042,N/A,N/A,
3011305,N/A,N/A,
77347,N/A,N/A,
200151,N/A,N/A,
436820,N/A,N/A,
437920,SA,N/A,
432689,N/A,N/A,
441365,N/A,N/A,
195328,N/A,N/A,
3036671,N/A,N/A,
2110298,N/A,N/A,
436749,N/A,N/A,
3031469,N/A,N/A,
442054,N/A,N/A,
2004848,N/A,N/A,
442255,N/A,N/A,
3018663,N/A,N/A,
441915,N/A,N/A,
192980,N/A,N/A,
3005478,N/A,N/A,
3002376,N/A,N/A,
4064559,N/A,N/A,
3025335,N/A,N/A,
436218,N/A,N/A,
442549,N/A,N/A,
443245,N/A,N/A,
444077,AB,N/A,
3016427,N/A,N/A,
438226,N/A,N/A,
3038388,N/A,N/A,
3025658,N/A,N/A,
3041186,N/A,N/A,
4060421,N/A,N/A,
3007034,N/A,N/A,
3041884,N/A,N/A,
2721183,N/A,N/A,
2721174,N/A,N/A,
2004825,N/A,N/A,
200455,N/A,N/A,
434102,N/A,N/A,
436474,N/A,N/A,
74422,N/A,N/A,
4064579,N/A,N/A,
193259,N/A,N/A,
194704,N/A,N/A,
434416,N/A,N/A,
3003773,N/A,N/A,
441631,N/A,N/A,
193820,N/A,N/A,
74706,N/A,N/A,
436742,N/A,N/A,
433812,N/A,N/A,
436169,N/A,N/A,
196746,N/A,N/A,
73526,N/A,N/A,
3024209,N/A,N/A,
2110341,N/A,N/A,
2004727,N/A,N/A,
2004806,N/A,N/A,
192971,N/A,N/A,
3013219,N/A,N/A,
3037292,N/A,N/A,
80159,N/A,N/A,
3032989,N/A,N/A,
441127,N/A,N/A,
4062567,N/A,N/A,
3011161,N/A,N/A,
201912,N/A,N/A,
196765,N/A,N/A,
2004709,N/A,N/A,
439688,N/A,N/A,
442914,N/A,N/A,
4129551,N/A,N/A,
437062,N/A,N/A,
441911,N/A,N/A,
4063692,N/A,N/A,
3027590,N/A,N/A,
3042443,N/A,N/A,
4030872,PCOMP,N/A,
3019561,N/A,N/A,
441643,N/A,N/A,
437055,N/A,N/A,
78217,N/A,N/A,
2110289,N/A,N/A,
319090,N/A,N/A,
444048,N/A,N/A,
442418,N/A,N/A,
4052737,N/A,N/A,
3004376,N/A,N/A,
3026522,N/A,N/A,
3009414,N/A,N/A,
3001978,N/A,N/A,
3023306,N/A,N/A,
2101815,N/A,N/A,
2004791,N/A,N/A,
4047714,N/A,N/A,
4143074,PCOMP,N/A,
440477,N/A,N/A,
199887,N/A,N/A,
3000940,N/A,N/A,
40766808,N/A,N/A,
40766811,N/A,N/A,
40766809,N/A,N/A,
40766810,N/A,N/A,
76769,N/A,N/A,
444251,N/A,N/A,
443017,N/A,N/A,
438213,N/A,N/A,
40766812,N/A,N/A,
40766807,N/A,N/A,
3025070,N/A,N/A,
2101832,N/A,N/A,
2110295,N/A,N/A,
2004710,N/A,N/A,
442096,N/A,N/A,
3049837,N/A,N/A,
197616,N/A,N/A,
2004725,N/A,N/A,
80479,N/A,N/A,
195001,N/A,N/A,
441632,N/A,N/A,
432388,N/A,N/A,
438805,N/A,N/A,
4113849,N/A,N/A,
442051,N/A,N/A,
443329,N/A,N/A,
442049,N/A,N/A,
195595,N/A,N/A,
442048,N/A,N/A,
3050726,N/A,N/A,
3027936,N/A,N/A,
77059,N/A,N/A,
435324,N/A,N/A,
2004850,N/A,N/A,
435017,N/A,N/A,
442916,N/A,N/A,
2004767,N/A,N/A,
443705,N/A,N/A,
442422,N/A,N/A,
3023191,N/A,N/A,
3023511,N/A,N/A,
2004723,N/A,N/A,
4087113,N/A,N/A,
2110291,N/A,N/A,
442346,N/A,N/A,
443052,N/A,N/A,
442353,N/A,N/A,
73582,N/A,N/A,
194098,N/A,N/A,
443213,SB,N/A,
3000483,N/A,N/A,
2004771,N/A,N/A,
4251314,ECT_SURG2,N/A,
40758321,N/A,N/A,
3008615,N/A,N/A,
2004803,N/A,N/A,
40766801,N/A,N/A,
3016941,N/A,N/A,
4064560,N/A,N/A,
195600,N/A,N/A,
4071584,N/A,N/A,
40766803,N/A,N/A,
3024047,N/A,N/A,
40766804,N/A,N/A,
40766802,N/A,N/A,
40766805,N/A,N/A,
197047,N/A,N/A,
4113048,N/A,N/A,
2101830,N/A,N/A,
439380,N/A,N/A,
434705,N/A,N/A,
437948,N/A,N/A,
72700,N/A,N/A,
442596,N/A,N/A,
432690,N/A,N/A,
42739500,OVUL,N/A,
4074427,ECT_SURG1,N/A,
2212437,N/A,N/A,
2004770,N/A,N/A,
437929,N/A,N/A,
442050,N/A,N/A,
3014625,N/A,N/A,
3034206,N/A,N/A,
2101013,N/A,N/A,
193821,N/A,N/A,
434424,N/A,N/A,
193258,N/A,N/A,
3038624,N/A,N/A,
2004763,N/A,N/A,
439330,N/A,N/A,
434095,N/A,N/A,
3017786,N/A,N/A,
3012805,N/A,N/A,
2101598,N/A,N/A,
442420,N/A,N/A,
442052,N/A,N/A,
3020399,DIAB,N/A,
3015916,N/A,N/A,
3007097,N/A,N/A,
3046146,N/A,N/A,
3017841,N/A,N/A,
3005096,N/A,N/A,
2110336,N/A,N/A,
2004702,N/A,N/A,
4191809,N/A,N/A,
3000788,N/A,N/A,
3016521,N/A,N/A,
3030260,N/A,N/A,
2721172,N/A,N/A,
2721171,N/A,N/A,
2004705,N/A,N/A,
4113971,N/A,N/A,
443868,N/A,N/A,
444386,N/A,N/A,
441629,N/A,N/A,
435874,N/A,N/A,
4267567,ECT_SURG1,N/A,
40765155,N/A,N/A,
3046803,N/A,N/A,
3046199,N/A,N/A,
2721182,N/A,N/A,
2101593,N/A,N/A,
4192036,N/A,N/A,
2004831,N/A,N/A,
2006861,N/A,N/A,
2004744,N/A,N/A,
439327,N/A,N/A,
435008,N/A,N/A,
3028428,N/A,N/A,
3015283,N/A,N/A,
40761515,N/A,N/A,
2110333,N/A,N/A,
2004807,N/A,N/A,
2004768,N/A,N/A,
443019,N/A,N/A,
439331,N/A,N/A,
439324,N/A,N/A,
3023715,N/A,N/A,
3005834,N/A,N/A,
3000781,N/A,N/A,
3002217,N/A,N/A,
3035502,N/A,N/A,
3022268,N/A,N/A,
3010794,N/A,N/A,
439321,N/A,N/A,
201637,N/A,N/A,
439322,N/A,N/A,
435871,N/A,N/A,
433276,N/A,N/A,
442090,N/A,N/A,
443013,N/A,N/A,
434096,N/A,N/A,
437934,N/A,N/A,
3000404,N/A,N/A,
3028607,N/A,N/A,
3026604,N/A,N/A,
2721148,N/A,N/A,
2213201,N/A,N/A,
42742501,N/A,N/A,
2213206,N/A,N/A,
2007012,N/A,N/A,
2004782,N/A,N/A,
2004722,N/A,N/A,
2004728,N/A,N/A,
2006756,N/A,N/A,
2004790,N/A,N/A,
439318,N/A,N/A,
436748,N/A,N/A,
439329,N/A,N/A,
4073272,ECT_SURG1,N/A,
4300368,ECT_SURG1,N/A,
3006511,AMNIO,N/A,
3030931,N/A,N/A,
3035729,N/A,N/A,
3000017,N/A,N/A,
3037936,N/A,N/A,
3020193,N/A,N/A,
3036054,N/A,N/A,
3034165,N/A,N/A,
3020317,N/A,N/A,
3021580,N/A,N/A,
3030753,N/A,N/A,
2721745,N/A,N/A,
2721149,N/A,N/A,
2110296,N/A,N/A,
2004708,N/A,N/A,
2007465,N/A,N/A,
439310,N/A,N/A,
195870,N/A,N/A,
438487,N/A,N/A,
439320,N/A,N/A,
439316,N/A,N/A,
439319,N/A,N/A,
439323,N/A,N/A,
4074426,ECT_SURG1,N/A,
3040820,DIAB,N/A,
40519557,PCONF,N/A,
4058439,LMP,N/A,
40524802,PCONF,N/A,
4014291,DELIV,N/A,
40766616,POST,N/A,
40767416,LB,Live birth,
40767416,DELIV,Unknown,
40767416,POST,Stillborn,
40767416,POST,Live,
40767416,LB,NeoN/Atal death,
40767416,SB,Intra-partum death,
2110327,SA,N/A,
40767416,SB,Still birth,
40524805,PCONF,N/A,
4307820,PCONF,N/A,
3048230,GEST,N/A,
3023791,PCONF,N/A,
4055285,UP,N/A,
4297233,POST,N/A,
4060252,AGP,N/A,
4176966,AGP,N/A,
4038945,AGP,N/A,
4061424,PCONF,N/A,
4297232,POST,N/A,
4016475,AGP,N/A,
3003857,POST,N/A,
4071507,DELIV,N/A,
4015149,POST,N/A,
40759177,POST,N/A,
4012477,DIAB,N/A,
4170305,POST,N/A,
4014433,AGP,N/A,
3016704,POST,N/A,
3004221,POST,N/A,
42739743,SA,N/A,
4038753,AGP,N/A,
4015159,AGP,N/A,
4039602,AGP,N/A,
4014439,POST,N/A,
4038932,AGP,N/A,
4311629,DIAB,N/A,
4038751,AGP,N/A,
4147564,AGP,N/A,
4042751,HCG,N/A,
4122728,LDEL,N/A,
40760833,PCONF,N/A,
4038935,AGP,N/A,
3036844,GEST,N/A,
4015154,POST,N/A,
4139126,PCONF,N/A,
4205240,DELIV,N/A,
4055287,UP,N/A,
40760193,DELIV,N/A,
4047845,AGP,N/A,
4075182,DELIV,N/A,
4189205,DELIV,N/A,
4038749,AGP,N/A,
3030177,DIAB,N/A,
195594,SA,N/A,
4041161,HCG,N/A,
4012558,?,N/A,
4167089,DELIV,N/A,
4217975,PCONF,N/A,
4061521,AGP,N/A,
4150640,POST,N/A,
4066112,DELIV,N/A,
4079835,PCOMP,N/A,
4145318,DELIV,N/A,
4114637,DELIV,N/A,
4014720,DELIV,N/A,
4016464,POST,N/A,
40485049,POST,N/A,
4014304,POST,N/A,
4161944,DELIV,N/A,
4305717,AGP,N/A,
4055426,HCG,N/A,
77619,AGP,N/A,
4199931,PCOMP,N/A,
4024659,PCOMP,N/A,
4075187,DELIV,N/A,
4187201,POST,N/A,
4075161,DELIV,N/A,
4212260,FT,N/A,
4210722,HCG,N/A,
4195509,HCG,N/A,
4060255,AGP,N/A,
4039603,AGP,N/A,
4140250,AGP,N/A,
40524819,POST,N/A,
4014149,GEST,N/A,16
4061457,DELIV,N/A,
443929,POST,N/A,
4147941,AGP,N/A,
4015270,DELIV,N/A,
4015141,GEST,N/A,24
4014738,DELIV,N/A,
4058246,PCOMP,N/A,
4038755,PCOMP,N/A,
4066111,FT,N/A,
4014445,POST,N/A,
4015298,GEST,N/A,34
4038934,GEST,N/A,38
4015297,GEST,N/A,32
4014152,GEST,N/A,38
4014280,POST,N/A,
43054893,PCONF,N/A,
4015299,GEST,N/A,36
4055678,DIAB,N/A,
4207466,OTEST,N/A,
4187520,POST,N/A,
4038754,GEST,N/A,34
4014281,POST,N/A,
4014442,POST,N/A,
4014443,POST,N/A,
4015150,POST,N/A,
4149783,PCOMP,N/A,
4191703,OTEST,N/A,
4038756,FT,N/A,
4014319,OTEST,N/A,
3006722,PCONF,N/A,
4151029,POST,N/A,
439348,PCOMP,N/A,
4089029,POST,N/A,
4060247,AGP,N/A,
40485007,POST,N/A,
4059987,AGP,N/A,
75605,SA,N/A,
40394878,DELIV,N/A,
4015410,POST,N/A,
40759953,PCONF,N/A,
4014151,GEST,N/A,30
4015142,GEST,N/A,37
4062356,POST,N/A,
4061471,POST,N/A,
4145315,PCOMP,N/A,
3000119,PCONF,N/A,
4062133,POST,N/A,
4015300,GEST,N/A,39
4038426,PCOMP,N/A,
4156955,AGP,N/A,
4198892,HCG,N/A,
4014150,GEST,N/A,20
4061154,AMNIO,N/A,
4296686,POST,N/A,
4061522,PCONF,N/A,
4311671,DELIV,N/A,
4015277,DELIV,N/A,
4066260,POST,N/A,
4014451,DELIV,N/A,
4143646,AMNIO,N/A,
4014292,DELIV,N/A,
4038418,AGP,N/A,
4060104,AGP,N/A,
4084439,AGP,N/A,
4015301,GEST,N/A,40
4149370,OTEST,N/A,
4152967,POST,N/A,
4248954,DELIV,N/A,
4152029,DELIV,N/A,
4071485,POST,N/A,
4080059,PCOMP,N/A,
4070303,OTEST,N/A,
4080067,PCOMP,N/A,
4014434,GEST,N/A,35
4079844,SB,N/A,
432682,SA,N/A,
4015296,GEST,N/A,12
4079751,PCOMP,N/A,
4038571,AGP,N/A,
4078138,DELIV,N/A,
4146482,PCOMP,N/A,
4015412,POST,N/A,
4306192,OTEST,N/A,
4014719,LDEL,N/A,
4063159,POST,N/A,
441349,SA,N/A,
4014282,POST,N/A,
4015294,OTEST,N/A,
4061437,AGP,N/A,
4210896,PCONF,N/A,
4014156,POST,N/A,
4210721,OTEST,N/A,
4034145,DELIV,N/A,
2514571,PREM,N/A,
4059050,OTEST,N/A,
40483251,POST,N/A,
4048607,POST,N/A,
4015152,POST,N/A,
4014446,POST,N/A,
4167905,POST,N/A,
4028644,SA,N/A,
4345685,POST,N/A,
4116804,POST,N/A,
4061425,AGP,N/A,
4015151,POST,N/A,
4038942,PCONF,N/A,
4171428,AGP,N/A,
4082504,PCOMP,N/A,
4061786,AGP,N/A,
4309364,LDEL,N/A,
4264738,DELIV,N/A,
4345684,POST,N/A,
4084186,AGP,N/A,
4140071,POST,N/A,
4150948,PCONF,N/A,
4014452,DELIV,N/A,
4032756,LDEL,N/A,
4016064,DELIV,N/A,
4015413,POST,N/A,
4015415,POST,N/A,
4088084,DELIV,N/A,
4015139,OTEST,N/A,
4148890,PCONF,N/A,
4062357,?,N/A,
4038941,AGP,N/A,
4215564,POST,N/A,
4061800,?,N/A,
4052314,?,N/A,
4071642,POST,N/A,
4015137,OTEST,N/A,
4015293,?,N/A,
4190427,AGP,N/A,
4015414,POST,N/A,
4039609,AGP,N/A,
4112954,SA,N/A,
4047564,AGP,N/A,
4041698,DIAB,N/A,
4214677,HCG,N/A,
4061793,AGP,N/A,
4062361,AGP,N/A,
4120817,OTEST,N/A,
4062362,POST,N/A,
4260976,AGP,N/A,
4003030,POST,N/A,
4118417,POST,N/A,
4084521,AGP,N/A,
4038943,AGP,N/A,
4262288,OTEST,N/A,
4038420,AGP,N/A,
4173513,LDEL,N/A,
4028781,POST,N/A,
4102318,POST,N/A,
4125778,LDEL,N/A,
4069969,DELIV,N/A,
4079843,POST,N/A,
4014465,POST,N/A,
40525253,AGP,N/A,
4128030,LDEL,N/A,
4284028,PCOMP,N/A,
4015304,AGP,N/A,
4340944,POST,N/A,
4175225,AGP,N/A,
40479783,POST,N/A,
4285271,HCG,N/A,
4061787,AGP,N/A,
4047718,POST,N/A,
40517216,AGP,N/A,
4063126,?,N/A,
435318,SA,N/A,
4015302,GEST,N/A,41
4128833,AGP,N/A,
4221399,POST,N/A,
4034153,POST,N/A,
4016466,POST,N/A,
4060240,AGP,N/A,
4213387,LDEL,N/A,
4069972,POST,N/A,
4047719,POST,N/A,
4038424,AGP,N/A,
4061802,ULS,N/A,
4015143,LDEL,N/A,
4057149,AMNIO,N/A,
4063127,?,N/A,
4039088,AGP,N/A,
4059988,AGP,N/A,
40514773,POST,N/A,
4098631,OTEST,N/A,
4075159,LDEL,N/A,
4034094,PCOMP,N/A,
4150421,AGP,N/A,
42740403,PREM,N/A,
4038759,AGP,N/A,
4062557,LDEL,N/A,
4061795,AGP,N/A,
4071632,DELIV,N/A,
443214,PCOMP,N/A,
4063697,POST,N/A,
4061433,AGP,N/A,
4096535,POST,N/A,
40406337,SB,N/A,
4047842,?,N/A,
438211,SA,N/A,
440776,SA,N/A,
441644,POST,N/A,
4060239,AGP,N/A,
40525252,OTEST,N/A,
4194143,AGP,N/A,
4091790,POST,N/A,
4015144,POST,N/A,
4232703,OTEST,N/A,
4060251,AGP,N/A,
4034146,POST,N/A,
4034650,POST,N/A,
4034100,PCOMP,N/A,
4061791,AGP,N/A,
4062574,PCOMP,N/A,
4266683,DELIV,N/A,
4092760,DELIV,N/A,
4152021,ULS,N/A,
439883,SA,N/A,
439656,AGP,N/A,
4060625,ULS,N/A,
4059985,PCONF,N/A,
40517217,?,N/A,
4061423,PCONF,N/A,
4038760,AGP,N/A,
4064792,?,N/A,
4038939,AGP,N/A,
4198705,POST,N/A,
4186424,NULS,N/A,
4059982,PCONF,N/A,
4061686,PCONF,N/A,
4047852,POST,N/A,
4062360,?,N/A,
4151412,OTEST,N/A,
4058243,POST,N/A,
437614,LDEL,N/A,
4066354,AGP,N/A,
4296470,POST,N/A,
4073428,OTEST,N/A,
4016476,LDEL,N/A,
4015431,POST,N/A,
4038938,AGP,N/A,
4038937,AGP,N/A,
4154997,PCOMP,N/A,
4260749,POST,N/A,
4334808,OTEST,N/A,
4053583,PCOMP,N/A,
4060248,AGP,N/A,
4060241,AGP,N/A,
4039608,AGP,N/A,
4127241,PCOMP,N/A,
4084217,ECT_SURG2,N/A,
4203918,POST,N/A,
441925,POST,N/A,
4014453,LDEL,N/A,
4072420,TRO,N/A,
4039610,AGP,N/A,
4210718,HCG,N/A,
4079860,POST,N/A,
4199437,POST,N/A,
4152445,ULS,N/A,
4073432,LDEL,N/A,
2514570,PREM,N/A,
4061131,ULS,N/A,
4015420,LDEL,N/A,
4145316,LDEL,N/A,
4069968,POST,N/A,
4151190,AGP,N/A,
4014768,AFP,N/A,
4107728,LDEL,N/A,
4060243,AGP,N/A,
4015161,LDEL,N/A,
4041877,?,N/A,
4060626,ULS,N/A,
4057246,POST,N/A,
197612,SA,N/A,
76771,POST,N/A,
4062569,POST,N/A,
4075176,LDEL,N/A,
197617,SA,N/A,
4129846,SB,N/A,
4161205,POST,N/A,
4073719,POST,N/A,
4061789,AGP,N/A,
4260748,POST,N/A,
4170118,PCOMP,N/A,
4060098,AGP,N/A,
72726,PREM,N/A,
4060097,AGP,N/A,
197349,POST,N/A,
4060101,AGP,N/A,
4129039,PCOMP,N/A,
4060265,ULS,N/A,
4120986,PCOMP,N/A,
4049041,POST,N/A,
43530880,PCOMP,N/A,
4060105,AGP,N/A,
4075168,DELIV,N/A,
4059989,AGP,N/A,
4061530,AMNIO,N/A,
4064854,PCOMP,N/A,
4195345,AFP,N/A,
4066258,POST,N/A,
4059984,PCONF,N/A,
4071603,SB,N/A,
2110312,AGP,N/A,
2110313,AGP,N/A,
136530,PREM,N/A,
4016060,POST,N/A,
4062674,PCOMP,N/A,
4059697,ULS,N/A,
4060237,PCONF,N/A,
4061152,?,N/A,
4071629,DELIV,N/A,
4073422,DELIV,N/A,
4059981,PCONF,N/A,
4059051,OTEST,N/A,
442069,DELIV,N/A,
4130310,PCOMP,N/A,
4034308,PCOMP,N/A,
4071437,PCOMP,N/A,
4042555,AFP,N/A,
4063163,DELIV,N/A,
4084845,POST,N/A,
4327048,?,N/A,
4064791,?,N/A,
4173180,POST,N/A,
4232028,DELIV,N/A,
4081196,AGP,N/A,
40388780,POST,N/A,
2101831,AGP,N/A,
40356741,POST,N/A,
4061785,PCONF,N/A,
4311256,PCOMP,N/A,
40394902,POST,N/A,
4032000,ECT_SURG1,N/A,
4063160,DELIV,N/A,
4061672,PCONF,N/A,
4210719,AFP,N/A,
4307303,POST,N/A,
4309425,DELIV,N/A,
40479820,PCOMP,N/A,
4065745,LDEL,N/A,
4004785,POST,N/A,
4070222,LDEL,N/A,
4283942,POST,N/A,
4016467,POST,N/A,
4262580,POST,N/A,
4061129,ULS,N/A,
192678,SA,N/A,
4061538,?,N/A,
4174400,POST,N/A,
4150001,POST,N/A,
4174302,POST,N/A,
4153452,POST,N/A,
4061411,PCONF,N/A,
4016059,PCOMP,N/A,
4195545,PREM,N/A,
4071063,POST,N/A,
4287783,POST,N/A,
4055924,LDEL,N/A,
4023420,PCOMP,N/A,
4059657,?,N/A,
438812,SA,N/A,
40484589,POST,N/A,
4081774,POST,N/A,
4151169,PREM,N/A,
439085,SA,N/A,
4016052,POST,N/A,
2514574,AGP,N/A,
4344631,N/A,N/A,
4057157,N/A,N/A,
40524864,N/A,N/A,
4021397,N/A,N/A,
4261510,N/A,N/A,
4197294,N/A,N/A,
4225278,N/A,N/A,
4015427,N/A,N/A,
4146848,N/A,N/A,
4064977,N/A,N/A,
4129183,N/A,N/A,
40483081,N/A,N/A,
4193440,N/A,N/A,
4309151,N/A,N/A,
4153441,N/A,N/A,
4187920,N/A,N/A,
4048143,N/A,N/A,
4149999,N/A,N/A,
444114,N/A,N/A,
43530979,N/A,N/A,
4210037,N/A,N/A,
4129180,N/A,N/A,
4060295,N/A,N/A,
4129186,N/A,N/A,
4145947,N/A,N/A,
4152444,N/A,N/A,
4061428,N/A,N/A,
4212326,N/A,N/A,
4146866,N/A,N/A,
4297249,N/A,N/A,
4021675,N/A,N/A,
40525257,N/A,N/A,
40520511,N/A,N/A,
4061388,N/A,N/A,
4078286,N/A,N/A,
4055954,N/A,N/A,
4082067,N/A,N/A,
4079752,N/A,N/A,
4065885,N/A,N/A,
40524861,N/A,N/A,
4082072,N/A,N/A,
4061676,N/A,N/A,
4193698,N/A,N/A,
4183563,N/A,N/A,
4039617,N/A,N/A,
4015160,N/A,N/A,
4150406,N/A,N/A,
4157006,N/A,N/A,
4165077,N/A,N/A,
40358373,N/A,N/A,
4230221,N/A,N/A,
4141511,N/A,N/A,
4087102,N/A,N/A,
444098,N/A,N/A,
4168396,N/A,N/A,
4314269,N/A,N/A,
4048144,N/A,N/A,
4081422,N/A,N/A,
4060242,N/A,N/A,
4039604,N/A,N/A,
4075179,N/A,N/A,
4014320,N/A,N/A,
4038423,N/A,N/A,
4149462,N/A,N/A,
4014301,N/A,N/A,
4060547,N/A,N/A,
439687,N/A,N/A,
40525245,N/A,N/A,
443294,N/A,N/A,
40484636,N/A,N/A,
4085933,N/A,N/A,
4014581,N/A,N/A,
4152385,N/A,N/A,
4190902,N/A,N/A,
4145335,N/A,N/A,
4071513,N/A,N/A,
4049044,N/A,N/A,
4014314,N/A,N/A,
4344630,N/A,N/A,
4302541,N/A,N/A,
4077075,N/A,N/A,
4015292,N/A,N/A,
4161203,N/A,N/A,
4014472,N/A,N/A,
4016058,N/A,N/A,
4061797,N/A,N/A,
4126401,N/A,N/A,
4071202,N/A,N/A,
4169638,N/A,N/A,
4074301,N/A,N/A,
4014460,N/A,N/A,
40524806,N/A,N/A,
4086786,N/A,N/A,
4149393,N/A,N/A,
4170459,N/A,N/A,
4127248,N/A,N/A,
4218938,N/A,N/A,
4060109,N/A,N/A,
4143296,N/A,N/A,
4096528,N/A,N/A,
4311246,N/A,N/A,
4123182,N/A,N/A,
4208216,N/A,N/A,
4326563,N/A,N/A,
4143745,N/A,N/A,
4149457,N/A,N/A,
4146775,N/A,N/A,
40524808,N/A,N/A,
4015426,N/A,N/A,
40525259,N/A,N/A,
4061527,N/A,N/A,
4016061,N/A,N/A,
40525271,N/A,N/A,
40524823,N/A,N/A,
4168056,N/A,N/A,
4070527,N/A,N/A,
4039606,N/A,N/A,
4129043,N/A,N/A,
4060253,N/A,N/A,
4150536,N/A,N/A,
4062112,N/A,N/A,
4063042,N/A,N/A,
4034088,N/A,N/A,
4143203,N/A,N/A,
4038940,N/A,N/A,
4064426,N/A,N/A,
4310443,N/A,N/A,
40394492,N/A,N/A,
4014718,N/A,N/A,
4260747,N/A,N/A,
4308413,N/A,N/A,
40525256,N/A,N/A,
4041367,N/A,N/A,
4064724,N/A,N/A,
4060249,N/A,N/A,
4220985,N/A,N/A,
40353660,N/A,N/A,
4061708,N/A,N/A,
4061429,N/A,N/A,
4062124,N/A,N/A,
4129689,N/A,N/A,
4129710,N/A,N/A,
4171106,N/A,N/A,
4038758,N/A,N/A,
4042923,N/A,N/A,
4015425,N/A,N/A,
4014457,N/A,N/A,
4244873,N/A,N/A,
43530882,N/A,N/A,
4149451,N/A,N/A,
4070024,N/A,N/A,
439658,N/A,N/A,
4064287,N/A,N/A,
4347416,N/A,N/A,
4014717,N/A,N/A,
4061432,N/A,N/A,
4129016,N/A,N/A,
4034152,N/A,N/A,
4324051,N/A,N/A,
40406767,N/A,N/A,
40520528,N/A,N/A,
4055971,N/A,N/A,
4048751,N/A,N/A,
4146774,N/A,N/A,
4113371,N/A,N/A,
4302027,N/A,N/A,
4060296,N/A,N/A,
4010041,N/A,N/A,
4063043,N/A,N/A,
40394875,N/A,N/A,
4243314,N/A,N/A,
4024302,N/A,N/A,
4146393,N/A,N/A,
4070648,N/A,N/A,
4169639,N/A,N/A,
40391771,N/A,N/A,
4016465,N/A,N/A,
4032762,N/A,N/A,
4145940,N/A,N/A,
4251491,N/A,N/A,
4060246,N/A,N/A,
40525250,N/A,N/A,
4071869,N/A,N/A,
4014297,N/A,N/A,
4060250,N/A,N/A,
4146340,N/A,N/A,
4028780,N/A,N/A,
4280517,N/A,N/A,
4038757,N/A,N/A,
4058398,N/A,N/A,
443415,N/A,N/A,
4170152,N/A,N/A,
4030259,N/A,N/A,
4344626,N/A,N/A,
4062359,N/A,N/A,
4060556,N/A,N/A,
73534,N/A,N/A,
4034150,N/A,N/A,
4014302,N/A,N/A,
4161678,N/A,N/A,
4208218,N/A,N/A,
4153574,N/A,N/A,
4014435,N/A,N/A,
40515177,N/A,N/A,
4061801,N/A,N/A,
4060245,N/A,N/A,
4047868,N/A,N/A,
4302270,N/A,N/A,
40524816,N/A,N/A,
4113988,N/A,N/A,
4145946,N/A,N/A,
4129553,N/A,N/A,
4114120,N/A,N/A,
40406766,N/A,N/A,
4028634,N/A,N/A,
4081963,N/A,N/A,
4015291,N/A,N/A,
4145939,N/A,N/A,
4347417,N/A,N/A,
4114143,N/A,N/A,
4149449,N/A,N/A,
4094046,N/A,N/A,
4038572,N/A,N/A,
4064793,N/A,N/A,
40581659,N/A,N/A,
4084947,N/A,N/A,
4014306,N/A,N/A,
4014458,N/A,N/A,
443264,N/A,N/A,
4253816,N/A,N/A,
40518649,N/A,N/A,
4129703,N/A,N/A,
4039607,N/A,N/A,
4319897,N/A,N/A,
4048755,N/A,N/A,
4128987,N/A,N/A,
4066018,N/A,N/A,
4014444,N/A,N/A,
4060107,N/A,N/A,
4066353,N/A,N/A,
4171358,N/A,N/A,
4028636,N/A,N/A,
4070410,N/A,N/A,
4024541,N/A,N/A,
4344624,N/A,N/A,
4164128,N/A,N/A,
4210143,N/A,N/A,
4119977,N/A,N/A,
4014469,N/A,N/A,
4345688,N/A,N/A,
4014473,N/A,N/A,
4064965,N/A,N/A,
4014155,N/A,N/A,
4065761,N/A,N/A,
4075178,N/A,N/A,
4075188,N/A,N/A,
4173183,N/A,N/A,
4070424,N/A,N/A,
4070411,N/A,N/A,
40394501,N/A,N/A,
4338674,N/A,N/A,
4274334,N/A,N/A,
4192653,N/A,N/A,
4015303,N/A,N/A,
4136449,N/A,N/A,
4038763,N/A,N/A,
4147078,N/A,N/A,
4213449,N/A,N/A,
4073433,N/A,N/A,
4110220,N/A,N/A,
4061784,N/A,N/A,
4034076,N/A,N/A,
4047593,N/A,N/A,
4028624,N/A,N/A,
4150930,N/A,N/A,
4071867,N/A,N/A,
435332,N/A,N/A,
4062671,N/A,N/A,
4070223,N/A,N/A,
4149939,N/A,N/A,
4016471,N/A,N/A,
442084,N/A,N/A,
40394879,N/A,N/A,
4081274,N/A,N/A,
4065739,N/A,N/A,
4057979,N/A,N/A,
4055694,N/A,N/A,
4058375,N/A,N/A,
4147414,N/A,N/A,
4061155,N/A,N/A,
4129034,N/A,N/A,
4060258,N/A,N/A,
443247,N/A,N/A,
4307324,N/A,N/A,
4071596,N/A,N/A,
4061352,N/A,N/A,
4061848,N/A,N/A,
4223536,N/A,N/A,
4086932,N/A,N/A,
4254204,N/A,N/A,
4048141,N/A,N/A,
4064179,N/A,N/A,
433533,N/A,N/A,
4061528,N/A,N/A,
4031038,N/A,N/A,
4048747,N/A,N/A,
4138600,N/A,N/A,
4109462,N/A,N/A,
4065627,N/A,N/A,
4102760,N/A,N/A,
4072710,N/A,N/A,
4085285,N/A,N/A,
4245799,N/A,N/A,
4149463,N/A,N/A,
4129702,N/A,N/A,
4028633,N/A,N/A,
4149443,N/A,N/A,
4074580,N/A,N/A,
4142037,N/A,N/A,
4014303,N/A,N/A,
4174307,N/A,N/A,
4153436,N/A,N/A,
4150949,N/A,N/A,
4073419,N/A,N/A,
4233425,N/A,N/A,
4239065,N/A,N/A,
4150651,N/A,N/A,
4171359,N/A,N/A,
443291,N/A,N/A,
4127549,N/A,N/A,
4028635,N/A,N/A,
4220675,N/A,N/A,
4075189,N/A,N/A,
4064697,N/A,N/A,
4142510,N/A,N/A,
4061847,N/A,N/A,
4016487,N/A,N/A,
40524797,N/A,N/A,
4049032,N/A,N/A,
4114281,N/A,N/A,
4047866,N/A,N/A,
4236626,N/A,N/A,
4091640,N/A,N/A,
4063038,N/A,N/A,
40524796,N/A,N/A,
4150970,N/A,N/A,
4223016,N/A,N/A,
4021162,N/A,N/A,
4148097,N/A,N/A,
4038422,N/A,N/A,
4129701,N/A,N/A,
4174308,N/A,N/A,
4039090,N/A,N/A,
4024609,N/A,N/A,
4071591,N/A,N/A,
4173178,N/A,N/A,
40515175,N/A,N/A,
4118054,N/A,N/A,
40524804,N/A,N/A,
4227267,N/A,N/A,
4173168,N/A,N/A,
4125621,N/A,N/A,
4047732,N/A,N/A,
4005289,N/A,N/A,
4129042,N/A,N/A,
4065737,N/A,N/A,
4085140,N/A,N/A,
4194229,N/A,N/A,
4289303,N/A,N/A,
4146935,N/A,N/A,
40515178,N/A,N/A,
40524824,N/A,N/A,
40406728,N/A,N/A,
4082319,N/A,N/A,
4171691,N/A,N/A,
4075160,N/A,N/A,
4196733,N/A,N/A,
4062551,N/A,N/A,
4061807,N/A,N/A,
4269563,N/A,N/A,
4146392,N/A,N/A,
4194693,N/A,N/A,
4086468,N/A,N/A,
4247430,N/A,N/A,
4060108,N/A,N/A,
4016056,N/A,N/A,
4015411,N/A,N/A,
4153450,N/A,N/A,
4070522,N/A,N/A,
4305304,N/A,N/A,
40521444,N/A,N/A,
40394497,N/A,N/A,
4147341,N/A,N/A,
4113973,N/A,N/A,
4061525,N/A,N/A,
4048593,N/A,N/A,
4074585,N/A,N/A,
4118413,N/A,N/A,
4246846,N/A,N/A,
4071069,N/A,N/A,
4071515,N/A,N/A,
4048283,N/A,N/A,
40356742,N/A,N/A,
4014305,N/A,N/A,
4129834,N/A,N/A,
4015289,N/A,N/A,
4129178,N/A,N/A,
4014470,N/A,N/A,
443250,N/A,N/A,
4007112,N/A,N/A,
40394844,N/A,N/A,
40406715,N/A,N/A,
4129015,N/A,N/A,
4061156,N/A,N/A,
4015147,N/A,N/A,
4062417,N/A,N/A,
4063458,N/A,N/A,
4061529,N/A,N/A,
4034081,N/A,N/A,
4034155,N/A,N/A,
4171250,N/A,N/A,
4171599,N/A,N/A,
4151558,N/A,N/A,
4153570,N/A,N/A,
317100,N/A,N/A,
4173795,N/A,N/A,
4014585,N/A,N/A,
4014612,N/A,N/A,
4006961,N/A,N/A,
4014456,N/A,N/A,
438258,N/A,N/A,
4146728,N/A,N/A,
4134722,N/A,N/A,
4149398,N/A,N/A,
4061458,N/A,N/A,
40524866,N/A,N/A,
4034149,N/A,N/A,
4071365,N/A,N/A,
40524812,N/A,N/A,
4034151,N/A,N/A,
4113353,N/A,N/A,
4038574,N/A,N/A,
4146460,N/A,N/A,
4061532,N/A,N/A,
4070533,N/A,N/A,
4063305,N/A,N/A,
40524809,N/A,N/A,
4057159,N/A,N/A,
4236182,N/A,N/A,
4028479,N/A,N/A,
4014582,N/A,N/A,
4071861,N/A,N/A,
4188630,N/A,N/A,
4113510,N/A,N/A,
4113216,N/A,N/A,
4113846,N/A,N/A,
4015307,N/A,N/A,
4047878,N/A,N/A,
4063037,N/A,N/A,
4071192,N/A,N/A,
4061149,N/A,N/A,
4080880,N/A,N/A,
4061526,N/A,N/A,
4034079,N/A,N/A,
4071741,N/A,N/A,
4147395,N/A,N/A,
4034082,N/A,N/A,
4071589,N/A,N/A,
4282460,N/A,N/A,
442081,N/A,N/A,
4071866,N/A,N/A,
4199558,N/A,N/A,
4063306,N/A,N/A,
4086931,N/A,N/A,
40566538,N/A,N/A,
4121646,N/A,N/A,
4048603,N/A,N/A,
4323285,N/A,N/A,
4014584,N/A,N/A,
4345345,N/A,N/A,
4048594,N/A,N/A,
40524800,N/A,N/A,
4264629,N/A,N/A,
4270073,N/A,N/A,
4074869,N/A,N/A,
4071480,N/A,N/A,
4071489,N/A,N/A,
4062136,N/A,N/A,
4214930,PCONF,N/A,
3040000,PCONF,N/A,
4170448,N/A,N/A,
4033956,N/A,N/A,
4014578,N/A,N/A,
40524807,N/A,N/A,
4221837,N/A,N/A,
4191737,N/A,N/A,
40525248,N/A,N/A,
4073411,N/A,N/A,
4015430,N/A,N/A,
4062560,N/A,N/A,
442417,N/A,N/A,
4087245,N/A,N/A,
4047855,N/A,N/A,
4172864,N/A,N/A,
4347418,N/A,N/A,
40406764,N/A,N/A,
40525288,N/A,N/A,
4015276,N/A,N/A,
40406699,N/A,N/A,
4028620,N/A,N/A,
4047867,N/A,N/A,
4311540,N/A,N/A,
40524814,N/A,N/A,
4065092,N/A,N/A,
4006949,N/A,N/A,
4014437,N/A,N/A,
4008827,N/A,N/A,
4081602,N/A,N/A,
4113679,N/A,N/A,
4014441,N/A,N/A,
40525276,N/A,N/A,
4071599,N/A,N/A,
444292,N/A,N/A,
4060312,N/A,N/A,
40394845,N/A,N/A,
4172867,N/A,N/A,
4028628,N/A,N/A,
4075174,N/A,N/A,
40524867,N/A,N/A,
4061473,N/A,N/A,
4158484,N/A,N/A,
4028782,N/A,N/A,
4071727,N/A,N/A,
4059688,N/A,N/A,
4059983,N/A,N/A,
4129837,N/A,N/A,
40521002,N/A,N/A,
40394893,N/A,N/A,
4016187,N/A,N/A,
4113680,N/A,N/A,
4014310,N/A,N/A,
40394894,N/A,N/A,
4071641,N/A,N/A,
40394861,N/A,N/A,
4071514,N/A,N/A,
4164266,N/A,N/A,
4060539,N/A,N/A,
4070421,N/A,N/A,
4014583,N/A,N/A,
4062558,N/A,N/A,
4089069,N/A,N/A,
4060256,N/A,N/A,
4039089,N/A,N/A,
4047862,N/A,N/A,
4135547,N/A,N/A,
4062125,N/A,N/A,
4014279,N/A,N/A,
4034096,N/A,N/A,
4089917,N/A,N/A,
4194736,N/A,N/A,
4059751,N/A,N/A,
4014468,N/A,N/A,
4073413,N/A,N/A,
4075191,N/A,N/A,
4171121,N/A,N/A,
4058253,N/A,N/A,
4170122,N/A,N/A,
4173577,N/A,N/A,
4061435,N/A,N/A,
4063307,N/A,N/A,
4064284,N/A,N/A,
4151172,N/A,N/A,
40406751,N/A,N/A,
4091780,N/A,N/A,
4048147,N/A,N/A,
4122746,N/A,N/A,
4309972,N/A,N/A,
4070423,N/A,N/A,
4062906,N/A,N/A,
40406762,N/A,N/A,
4060041,N/A,N/A,
4268171,N/A,N/A,
4071070,N/A,N/A,
4071073,N/A,N/A,
4169728,N/A,N/A,
4062268,N/A,N/A,
40525284,N/A,N/A,
4048290,N/A,N/A,
4048013,N/A,N/A,
4058373,N/A,N/A,
4048926,N/A,N/A,
4015280,N/A,N/A,
314749,N/A,N/A,
4048457,N/A,N/A,
4048923,N/A,N/A,
4170972,N/A,N/A,
4061339,N/A,N/A,
4296735,N/A,N/A,
4118056,N/A,N/A,
4047853,N/A,N/A,
4071732,N/A,N/A,
4113187,N/A,N/A,
4015279,N/A,N/A,
4014293,N/A,N/A,
4015283,N/A,N/A,
4016473,N/A,N/A,
4244279,N/A,N/A,
4170747,N/A,N/A,
4041372,N/A,N/A,
4090723,N/A,N/A,
4081577,N/A,N/A,
4113062,N/A,N/A,
4077055,N/A,N/A,
40394890,N/A,N/A,
80467,N/A,N/A,
4317960,N/A,N/A,
40394476,N/A,N/A,
4131053,N/A,N/A,
4112315,N/A,N/A,
4251487,N/A,N/A,
4048278,N/A,N/A,
4199047,N/A,N/A,
4014471,N/A,N/A,
4316171,N/A,N/A,
40524825,N/A,N/A,
4002620,N/A,N/A,
4149395,N/A,N/A,
40519203,N/A,N/A,
4071477,N/A,N/A,
4082673,N/A,N/A,
40391784,N/A,N/A,
40493181,N/A,N/A,
4071863,N/A,N/A,
4061162,N/A,N/A,
4113995,N/A,N/A,
4149467,N/A,N/A,
4114268,N/A,N/A,
4041368,N/A,N/A,
4198040,N/A,N/A,
40524820,N/A,N/A,
4048602,N/A,N/A,
4153443,N/A,N/A,
4168055,N/A,N/A,
40406740,N/A,N/A,
76487,N/A,N/A,
4028622,N/A,N/A,
4071611,N/A,N/A,
4060360,N/A,N/A,
4207588,N/A,N/A,
4345346,N/A,N/A,
40406713,N/A,N/A,
4071079,N/A,N/A,
4136097,N/A,N/A,
4114123,N/A,N/A,
4063158,N/A,N/A,
4060691,N/A,N/A,
4069976,N/A,N/A,
4345344,N/A,N/A,
4062254,N/A,N/A,
4048014,N/A,N/A,
40525246,N/A,N/A,
4148451,N/A,N/A,
4152170,N/A,N/A,
4049043,N/A,N/A,
43530884,N/A,N/A,
4173170,N/A,N/A,
4047992,N/A,N/A,
4048150,N/A,N/A,
4061343,N/A,N/A,
40394882,N/A,N/A,
40399552,N/A,N/A,
4304009,N/A,N/A,
4014740,N/A,N/A,
40394475,N/A,N/A,
4016055,N/A,N/A,
4328506,N/A,N/A,
4015273,N/A,N/A,
4048002,N/A,N/A,
4071484,N/A,N/A,
434437,N/A,N/A,
4042411,N/A,N/A,
4048152,N/A,N/A,
40525313,N/A,N/A,
444293,N/A,N/A,
4118058,N/A,N/A,
4063155,N/A,N/A,
4047594,N/A,N/A,
40394474,N/A,N/A,
4074158,N/A,N/A,
40524871,N/A,N/A,
4062790,N/A,N/A,
4084440,N/A,N/A,
4064450,N/A,N/A,
4016057,N/A,N/A,
4147717,N/A,N/A,
4173323,N/A,N/A,
4064286,N/A,N/A,
4014316,N/A,N/A,
4014448,N/A,N/A,
4064709,N/A,N/A,
4163524,N/A,N/A,
4071068,N/A,N/A,
4075037,N/A,N/A,
4162720,N/A,N/A,
4038575,N/A,N/A,
4147333,N/A,N/A,
4041176,N/A,N/A,
4150397,N/A,N/A,
4071588,N/A,N/A,
4048592,N/A,N/A,
4047590,N/A,N/A,
40524818,N/A,N/A,
4060034,N/A,N/A,
4012802,N/A,N/A,
4142511,N/A,N/A,
4034097,N/A,N/A,
4127418,N/A,N/A,
4145534,N/A,N/A,
4113685,N/A,N/A,
4048010,N/A,N/A,
4060429,N/A,N/A,
4324135,N/A,N/A,
4071195,N/A,N/A,
4034091,N/A,N/A,
4075175,N/A,N/A,
4072424,N/A,N/A,
197089,N/A,N/A,
4113508,N/A,N/A,
4071860,N/A,N/A,
442828,N/A,N/A,
4048460,N/A,N/A,
4062791,N/A,N/A,
4066234,N/A,N/A,
4062915,N/A,N/A,
4071196,N/A,N/A,
4129699,N/A,N/A,
4172865,N/A,N/A,
4063162,N/A,N/A,
4047854,N/A,N/A,
4073424,N/A,N/A,
4114271,N/A,N/A,
40525285,N/A,N/A,
4028632,N/A,N/A,
4314756,N/A,N/A,
4344625,N/A,N/A,
40524817,N/A,N/A,
4047993,N/A,N/A,
4048139,N/A,N/A,
4170457,N/A,N/A,
4039612,N/A,N/A,
4014308,N/A,N/A,
4286483,N/A,N/A,
4071721,N/A,N/A,
4075040,N/A,N/A,
40406737,N/A,N/A,
4059900,N/A,N/A,
4048279,N/A,N/A,
4113497,N/A,N/A,
4065625,N/A,N/A,
4127541,N/A,N/A,
40394488,N/A,N/A,
4014462,N/A,N/A,
4345690,N/A,N/A,
4337102,N/A,N/A,
4209853,N/A,N/A,
4137218,N/A,N/A,
4048277,N/A,N/A,
40520078,N/A,N/A,
4265609,N/A,N/A,
4213099,N/A,N/A,
4064978,N/A,N/A,
4061434,N/A,N/A,
4114121,N/A,N/A,
4069971,N/A,N/A,
4065742,N/A,N/A,
4028631,N/A,N/A,
4070405,N/A,N/A,
4241331,N/A,N/A,
4070420,N/A,N/A,
4071481,N/A,N/A,
4154314,N/A,N/A,
4201423,N/A,N/A,
4113374,N/A,N/A,
4060358,N/A,N/A,
4101126,N/A,N/A,
40404578,N/A,N/A,
4065747,N/A,N/A,
4149609,N/A,N/A,
4048140,N/A,N/A,
4070225,N/A,N/A,
4028626,N/A,N/A,
4108901,N/A,N/A,
4129185,N/A,N/A,
4075169,N/A,N/A,
4061850,N/A,N/A,
4118057,N/A,N/A,
4070534,N/A,N/A,
4170869,N/A,N/A,
4049042,N/A,N/A,
4050255,N/A,N/A,
4113972,N/A,N/A,
443254,N/A,N/A,
433826,N/A,N/A,
4014309,N/A,N/A,
4073412,N/A,N/A,
40394885,N/A,N/A,
4143200,N/A,N/A,
4339312,N/A,N/A,
4149586,N/A,N/A,
4065626,N/A,N/A,
40513904,N/A,N/A,
4092290,N/A,N/A,
4047716,N/A,N/A,
4064794,N/A,N/A,
4058112,N/A,N/A,
4141544,N/A,N/A,
40394898,N/A,N/A,
4327033,N/A,N/A,
4285746,N/A,N/A,
4062807,N/A,N/A,
40399561,N/A,N/A,
4062552,N/A,N/A,
4048129,N/A,N/A,
4112952,N/A,N/A,
40525264,N/A,N/A,
40399555,N/A,N/A,
4048012,N/A,N/A,
4129700,N/A,N/A,
4071061,N/A,N/A,
4048601,N/A,N/A,
4039611,N/A,N/A,
4064718,N/A,N/A,
40525304,N/A,N/A,
4197823,N/A,N/A,
40483097,N/A,N/A,
4129839,N/A,N/A,
4113970,N/A,N/A,
4064725,N/A,N/A,
40406768,N/A,N/A,
4048613,N/A,N/A,
4061160,N/A,N/A,
4056114,N/A,N/A,
40524868,N/A,N/A,
4071592,N/A,N/A,
4071745,N/A,N/A,
4064423,N/A,N/A,
4129552,N/A,N/A,
4038764,N/A,N/A,
4075034,N/A,N/A,
4062925,N/A,N/A,
4138610,N/A,N/A,
4048149,N/A,N/A,
4060294,N/A,N/A,
4075170,N/A,N/A,
4057154,N/A,N/A,
4056118,N/A,N/A,
40394905,N/A,N/A,
4002619,N/A,N/A,
4066134,N/A,N/A,
43530885,N/A,N/A,
4150548,N/A,N/A,
40394847,N/A,N/A,
4041369,N/A,N/A,
4153591,N/A,N/A,
4070521,N/A,N/A,
4005284,N/A,N/A,
4071473,N/A,N/A,
4071505,N/A,N/A,
4111088,N/A,N/A,
4124226,N/A,N/A,
4119149,N/A,N/A,
40525317,N/A,N/A,
4038576,N/A,N/A,
4047725,N/A,N/A,
4146725,N/A,N/A,
4047864,N/A,N/A,
443706,N/A,N/A,
4029251,N/A,N/A,
4066005,N/A,N/A,
4065094,N/A,N/A,
40391787,N/A,N/A,
40520077,N/A,N/A,
4039619,N/A,N/A,
4320940,N/A,N/A,
441646,N/A,N/A,
40406711,N/A,N/A,
4241991,N/A,N/A,
4174548,N/A,N/A,
4060103,N/A,N/A,
4062628,N/A,N/A,
40399560,N/A,N/A,
4153569,N/A,N/A,
40394491,N/A,N/A,
4060558,N/A,N/A,
4195675,N/A,N/A,
4169003,N/A,N/A,
443326,N/A,N/A,
4015140,N/A,N/A,
4147415,N/A,N/A,
4060039,N/A,N/A,
4058113,N/A,N/A,
4062926,N/A,N/A,
4265196,N/A,N/A,
40521437,N/A,N/A,
4065866,N/A,N/A,
4038762,N/A,N/A,
4113369,N/A,N/A,
4007577,N/A,N/A,
4071604,N/A,N/A,
4252738,N/A,N/A,
4289756,N/A,N/A,
4048927,N/A,N/A,
4047587,N/A,N/A,
4071083,N/A,N/A,
4143079,N/A,N/A,
40406738,N/A,N/A,
4063295,N/A,N/A,
40406734,N/A,N/A,
4048148,N/A,N/A,
4106176,N/A,N/A,
4147342,N/A,N/A,
4015281,N/A,N/A,
4147720,N/A,N/A,
4091321,N/A,N/A,
4118411,N/A,N/A,
4148095,N/A,N/A,
4193784,N/A,N/A,
4015285,N/A,N/A,
4070426,N/A,N/A,
200791,N/A,N/A,
4153444,N/A,N/A,
4147417,N/A,N/A,
4047592,N/A,N/A,
4273628,N/A,N/A,
4290195,N/A,N/A,
4170447,N/A,N/A,
4281535,N/A,N/A,
199088,N/A,N/A,
442089,N/A,N/A,
4322190,N/A,N/A,
40394891,N/A,N/A,
4047595,N/A,N/A,
4127547,N/A,N/A,
4113375,N/A,N/A,
434695,N/A,N/A,
40521441,N/A,N/A,
4056119,N/A,N/A,
4060299,N/A,N/A,
40394880,N/A,N/A,
4062269,N/A,N/A,
4118055,N/A,N/A,
4210141,N/A,N/A,
4194737,N/A,N/A,
4061812,N/A,N/A,
4129017,N/A,N/A,
4113373,N/A,N/A,
4048748,N/A,N/A,
40406720,N/A,N/A,
4048142,N/A,N/A,
4269205,N/A,N/A,
4014307,N/A,N/A,
40480440,N/A,N/A,
40394862,N/A,N/A,
4128032,N/A,N/A,
4070540,N/A,N/A,
4058536,N/A,N/A,
4060542,N/A,N/A,
4047999,N/A,N/A,
4074582,N/A,N/A,
40525272,N/A,N/A,
4034029,N/A,N/A,
40406765,N/A,N/A,
40524803,N/A,N/A,
4211824,N/A,N/A,
4062571,N/A,N/A,
40399553,N/A,N/A,
4174306,N/A,N/A,
4139869,N/A,N/A,
40394910,N/A,N/A,
40394852,N/A,N/A,
4145945,N/A,N/A,
4064723,N/A,N/A,
4032754,N/A,N/A,
4064981,N/A,N/A,
4173186,N/A,N/A,
4043930,N/A,N/A,
4047731,N/A,N/A,
4015286,N/A,N/A,
4016054,N/A,N/A,
4299735,N/A,N/A,
4150804,N/A,N/A,
40394884,N/A,N/A,
4015272,N/A,N/A,
4034073,N/A,N/A,
4015155,N/A,N/A,
4072863,N/A,N/A,
4048133,N/A,N/A,
40525266,N/A,N/A,
4118398,N/A,N/A,
4135546,N/A,N/A,
4290245,N/A,N/A,
4014474,N/A,N/A,
4048738,N/A,N/A,
4070415,N/A,N/A,
4015417,N/A,N/A,
4071066,N/A,N/A,
4113499,N/A,N/A,
40406744,N/A,N/A,
4016468,N/A,N/A,
4306064,N/A,N/A,
4048606,N/A,N/A,
4150396,N/A,N/A,
4113967,N/A,N/A,
4071630,N/A,N/A,
4143537,N/A,N/A,
4047859,N/A,N/A,
4173342,N/A,N/A,
4057162,N/A,N/A,
4048009,N/A,N/A,
4114128,N/A,N/A,
4014463,N/A,N/A,
4014467,N/A,N/A,
4082534,ULS,N/A,
4060622,ULS,N/A,
4078285,AFP,N/A,
4061534,ULS,N/A,
4141415,ULS,N/A,
4061803,ULS,N/A,
4060264,ULS,N/A,
4060263,ULS,N/A,
4042412,PCONF,N/A,
4061130,ULS,N/A,
4129023,PCONF,N/A,
4152443,ULS,N/A,
4078287,AFP,N/A,
4042557,AFP,N/A,
4310471,AFP,N/A,
4060262,ULS,N/A,
4061531,ULS,N/A,
4060624,ULS,N/A,
4060623,ULS,N/A,
4061157,ULS,N/A,
4099476,AFP,N/A,
4059689,AFP,N/A,
4061810,AFP,N/A,
4147940,AFP,N/A,
4297250,AB,N/A,
4061809,AFP,N/A,
4086797,AB,N/A,
4015590,PCONF,N/A,
4041177,AFP,N/A,
441910,SA,N/A,
4190767,AB,N/A,
195319,SA,N/A,
438196,SA,N/A,
2110328,SA,N/A,
4082412,AB,N/A,
4014290,OTEST,N/A,
2110292,SA,N/A,
4041878,PCONF,N/A,
4042936,AFP,N/A,
201076,SA,N/A,
4212941,AB,N/A,
194694,SA,N/A,
192379,SA,N/A,
4113976,AB,N/A,
4106559,AB,N/A,
437933,SA,N/A,
441348,SA,N/A,
197333,SA,N/A,
4150401,AB,N/A,
4199599,OVUL,N/A,
4073406,OVUL,N/A,
4022096,OVUL,N/A,
4127104,OVUL,N/A,
4138741,OVUL,N/A,
4327048,OVUL2,N/A,
4072715,OVUL,N/A,
40259107,OVUL,N/A,
4138633,OVUL,N/A,
4138627,OVUL,N/A,
4145843,OVUL,N/A,
4072852,OVUL,N/A,
4145664,OVUL,N/A,
4072421,OVUL,N/A,
4141534,OVUL,N/A,
4137390,OVUL,N/A,
4144415,OVUL,N/A,
4075024,OVUL,N/A,
4072863,OVUL,N/A,
4142402,OVUL,N/A,
4074569,OVUL,N/A,
40490447,OVUL2,N/A,
4214930,ECT_SURG2,N/A,
40258875,ECT_SURG2,N/A,
4196129,ECT_SURG2,N/A,
4100257,ECT_SURG2,N/A,
4085257,ECT_SURG2,N/A,
4319321,ECT_SURG2,N/A,
4142956,ECT_SURG2,N/A,
4080059,ECT_SURG2,N/A,
40259069,ECT_SURG2,N/A,
4214980,ECT_SURG2,N/A,
4306064,ECT_SURG1,N/A,
2722217,ECT_SURG1,N/A,
2722205,ECT_SURG1,N/A,
2110300,ECT_SURG1,N/A,
2110299,ECT_SURG1,N/A,
4312727,AMEN,N/A,
2110296,ECT_SURG1,N/A,
2110294,ECT_SURG1,N/A,
2110293,ECT_SURG1,N/A,
2110253,ECT_SURG1,N/A,
2110247,ECT_SURG1,N/A,
2110245,ECT_SURG1,N/A,
2110240,ECT_SURG1,N/A,
2004788,ECT_SURG1,N/A,
2004362,ECT_SURG1,N/A,
2004351,ECT_SURG1,N/A,
2004348,ECT_SURG1,N/A,
2004347,ECT_SURG1,N/A,
2004346,ECT_SURG1,N/A,
2004345,ECT_SURG1,N/A,
2004343,ECT_SURG1,N/A,
2004342,ECT_SURG1,N/A,
2004331,ECT_SURG1,N/A,
2004330,ECT_SURG1,N/A,
2004308,ECT_SURG1,N/A,
2004307,ECT_SURG1,N/A,
2004306,ECT_SURG1,N/A,
440464,ECT,N/A,
437611,ECT,N/A,
200153,ECT,N/A,
199076,ECT,N/A,
4240605,AB,N/A,
440795,PREM,N/A,
4058403,PREM,N/A,
4064709,PREM,N/A,
4118056,PREM,N/A,
4148097,PREM,N/A,
4149449,PREM,N/A,
4149451,PREM,N/A,
4149457,PREM,N/A,
4150406,PREM,N/A,
4273560,PREM,N/A,
